row_id,rule_violation
2029,0.43412306904792786
2030,0.6420108675956726
2031,0.35161158442497253
2032,0.515552282333374
2033,0.5929136276245117
2034,0.5266987085342407
2035,0.3060566186904907
2036,0.5539401173591614
2037,0.5183492302894592
2038,0.5961148738861084
